id,name,tz
191e6477-a57c-4830-ac4d-9585e9e4c040,Jelle,America/Denver
77c13a27-486c-44dd-b851-755faa49389f,Sem,Asia/Kolkata
ab2a8780-e73a-419e-9119-b1e0b3a7b94e,Kiki,Africa/Monrovia
e3a01f50-f7a8-4a66-af7f-7d938f0d88fb,Amin,Asia/Istanbul
8374926f-a565-41a7-97dc-1e917ffc318c,Benthe,America/Mexico_City
850ac93d-71cb-487a-b78b-93f70889339d,Ayden,America/Los_Angeles
2d7172db-0093-47c9-bc6c-c4cf9a32dc31,Florian,America/Los_Angeles
6ebf975c-35f9-4609-9879-4967accca109,Rowan,Asia/Kolkata
9dc0c9ac-3980-4fa1-aa36-7b36fa86ffbd,Chris,Europe/Amsterdam
b7303186-b33d-4c0b-9eea-9f32aecd29cc,Mason,America/New_York
f43b8111-e5b5-4623-bd3d-59f853b9213c,Maja,Asia/Amman
10b158ba-fe11-4ef6-8ed0-b8da71fa987e,Fabian,Africa/Nairobi
a104d0cc-939f-497d-b12c-5af62f7eda81,Cornelis,Australia/Canberra
311a5295-33ba-4969-b961-186d5471671c,Mads,Australia/Canberra
dbd941fd-996c-41a2-a090-96193ddd4c37,Lucy,America/Los_Angeles
f9917d85-aae6-4c97-b4b8-c85c351d757f,Elif,Europe/Athens
2e593954-267e-4952-9519-d5c561fb1bd5,Ecrin,America/Chicago
ab736df2-45c8-4010-940f-53f8fe72f138,Vigo,America/Los_Angeles
75ebe0c7-9a8a-4318-80ca-b0d486850563,Anouk,Europe/Amsterdam
8c67d6e3-8d61-4432-b775-b56236f63f5c,Ecrin,America/Los_Angeles
cb452c5d-9b54-487e-afcb-eb9e7170359b,Tygo,America/New_York
f2c4bb2e-70c7-4967-8b05-80a675e4ee23,Merel,Africa/Nairobi
82ad1e78-5947-45d8-a48d-1003a89056f0,Kian,Europe/Amsterdam
ccdd5557-4e62-4004-b9a3-ad288a3723ad,Elif,Europe/Amsterdam
62983c2b-ead7-4e71-9bae-f8e65683493e,Evie,America/Los_Angeles
02630691-61ff-4618-86f5-9f3453716413,Kaylee,Europe/Athens
6a4afe99-05e9-4918-9bce-ec261485b6ce,Maarten,America/New_York
3071b5f0-8d7d-4637-afbf-ffbdc38d54d2,Lorenzo,America/Los_Angeles
a38b4fe5-4f52-4b8f-b319-814053b792bd,Abel,Europe/London
4b41358a-d330-47de-a716-22063a5dc1ec,Jurre,America/Chicago
6987da4c-2191-4f2e-86ea-fba10bd2c3ca,Jet,America/Chicago
a1dea06e-e9ca-44bd-b23a-7ada4c74377f,Nathan,America/Chicago
0b70f7cd-8dff-4f21-be00-348c914d10a4,Olaf,Asia/Kolkata
832bc67a-ef8d-46d9-88bc-6ccac357282a,Sophia,America/New_York
674b9e98-1b01-4d33-8988-1b0da6f6f127,Adam,Asia/Taipei
1f6d81cf-829b-4cc9-b53b-289a33c05fb7,Muhammed,America/Los_Angeles
b9d52b1f-100e-4941-ad05-e815ea2eeea0,Mehmet,America/Los_Angeles
d3e49284-7847-4c0e-b7d8-6af2a80add99,Benjamin,Asia/Kolkata
7cb6925f-872e-4201-8e91-39e878f24a12,Beau,Europe/London
e3b079ab-11c8-4bcc-9889-6014bf0e1479,Damian,America/Los_Angeles
0b45020b-f97f-49d4-8b50-04ad33e38f25,Hamza,America/Chicago
d83fadb5-f5d0-4797-93e4-3cda0914181f,Sam,America/Chicago
d991f6a9-72c0-46ea-998f-ed4467c07335,Boaz,America/Buenos_Aires
c8980702-c7fb-4907-ab55-78c2980f51b6,Thijs,America/Manaus
b14ec2c1-f03a-4e03-a4bc-2df082599055,Adam,Pacific/Honolulu
c2c340b9-f788-4515-ae04-80db65f46077,Morris,Europe/London
09a59573-0ae7-4cdc-b9b2-1c3f1bb87ec7,Jonathan,America/Los_Angeles
832abe7b-1fcb-43e5-84a7-12b4d3ec6365,Alexander,America/New_York
2f2516ca-d78d-4f5f-b6a8-4266aa300c82,Amin,Europe/London
ed1ad404-8727-4b65-8251-951558ec8a1a,Morris,America/New_York
c9f3df8f-eb13-490d-9f77-c3458d42df87,Fenne,Europe/Amsterdam
49b362d2-cf1c-46f9-b208-2e6ace65a067,Yusuf,Africa/Cairo
4ffdde5f-0bb7-4e02-a266-782c35354997,Elise,America/Mexico_City
e7075a53-8d25-43bc-83ac-36cff552f259,Yinthe,America/Chicago
27fa78a9-16e4-4dd4-9541-6ef41d9c64d2,Rosa,America/New_York
0e28d1ea-e67f-4ea6-aa5f-2ebdf9bce6f5,Olivier,America/Los_Angeles
7d7ab86e-9e11-48ea-b342-e0ad48760ab7,Fleur,America/New_York
83bc54f2-f514-47b6-a5db-46b9a536cec5,Ivan,America/Mexico_City
ac9cb8ee-4ac2-434f-beeb-cea60c197412,Floris,Asia/Chongqing
b34415cf-3ebd-4201-a24a-1a403f05af35,Iris,Europe/Amsterdam
b9a38286-20ec-44e0-bc8c-e0b0089ee1bf,Nathan,Europe/London
cfd2f6c3-ef4f-4354-8748-fee02faf2734,Kyara,America/New_York
b15fd2d6-699a-41c5-9c34-a49caa4a8d3e,Nathan,America/Regina
fea48b5d-4d59-4787-a4f6-24759d2d8dbc,Maurits,Asia/Kolkata
c82a1a75-17f8-4b8e-9221-b80f8e4b6b02,Hannah,America/Sao_Paulo
e5e9e682-96e1-4a17-baff-a87d9477a089,Daniël,Europe/Amsterdam
7b72e1ec-c9b2-4693-aa6a-e27de1fcfcd6,Lars,Asia/Bangkok
01282505-59c7-4269-8900-33c265151c80,Gerrit,Asia/Dhaka
6a70a8e4-e807-4b57-bd24-2f7599212ef3,Lola,America/Chicago
e2b90779-8c49-44d0-9040-edabf904dd08,Ties,America/Chicago
d0cb069d-5815-4c14-b43f-3eb2ee599759,Juliette,America/Los_Angeles
18f63734-8da6-48ce-8168-5766bb8b3835,Jonas,Europe/Amsterdam
08ecc938-37da-477c-b329-75c022cb65b6,Sam,America/Los_Angeles
8c49ba96-a456-415a-b885-9c1c16c72730,Tycho,America/New_York
410002e1-a7ce-4bb5-a119-60d67e709d6b,Mirthe,Europe/London
18a45d5f-2f8d-4d55-9c93-7ce1adbcbac8,Johanna,America/Los_Angeles
aff6b0de-7fe5-4a38-b2c8-c2b96662238e,Lizzy,America/New_York
402f44a1-300a-4d84-a121-4b95de098c28,Bente,Africa/Nairobi
a65bb118-feea-4a3a-a310-b4943b04c29e,Mike,Europe/Amsterdam
4f5b1889-620c-43bc-a4f9-210105c1e58b,Annabel,Asia/Kolkata
af50837f-6297-4aff-8f37-5256fe01b383,Michelle,America/Los_Angeles
3afa20a5-2860-4c6e-83e1-4548eb5e2942,Evelien,Europe/London
db61271f-d258-45e3-98cc-70b202e70ba7,Leah,Europe/Moscow
f81452c3-5e25-473f-9098-327fd57e6d16,Koen,America/Sao_Paulo
eaa6b1e5-8b93-4a35-8715-8727bb55ce1d,Jesper,Asia/Chongqing
4ceefa3f-fe98-409a-b779-ec673e5164e5,Milan,Australia/Canberra
8bec6f5d-2d9b-49df-b9d4-42daa6f6973c,Tyler,Asia/Kolkata
eb66c581-a138-403c-91d6-2a349d192bbf,Niels,America/Los_Angeles
57224caf-7fff-4595-88ee-e0a6ec371025,Liv,America/New_York
dcf6e3bc-2afc-4c34-bb2b-f678f82d1138,Lola,America/Denver
5fe0cebb-75fc-4439-a449-4c03360248ce,Kyara,America/New_York
d737d41b-bbb0-434a-9348-462f89de3d28,Vince,America/Los_Angeles
9995af9f-fc26-4be0-81af-9b9a1db14e01,Dave,Asia/Kuala_Lumpur
02e3b3ce-645e-46c7-9d8c-a9c4b8df2871,Alex,Europe/Amsterdam
947de62c-95ef-40ae-9e4b-a4a66426e6c7,Micha,America/Santiago
2d20a631-7efb-425f-ae32-f7af4b5f7fce,Renske,Asia/Muscat
e46c8e4d-16e4-4648-81ed-cc8accc50b1f,Jonathan,America/New_York
e63f7c30-48df-4b0e-bf46-462c2edad0a5,Elize,Europe/Amsterdam
869a5345-0191-4f5b-8cf8-d7a0b5837b68,Cas,America/Fortaleza
cb68058b-a74e-4e70-b29b-5a5afaf91540,Pim,Australia/Perth
20d2eb2a-cd7e-4b7f-8273-6b326c77f79d,Ize,Asia/Chongqing
46588dbe-4ddc-443b-94a7-7aff7bfb45d8,Nadia,Australia/Canberra
12c2f6b9-14f8-48e0-afb4-20f5b7dc7a1e,Tycho,America/Los_Angeles
f3e38049-9682-4f1a-9f2b-4fa6bde3d63f,Ben,Europe/Warsaw
decfd896-a9a4-4837-939f-fff807e7c415,Sarah,America/Los_Angeles
daf665b4-5054-4307-a37c-e248571c9818,Noa,America/Chicago
a902ac14-cabf-4824-8828-66f3c8b6fda8,Quinten,Asia/Kolkata
86d252c6-b806-474b-9258-7e682ba4da29,Sofia,Asia/Kolkata
1440116d-e899-4480-b654-1688d7bc4836,Maurits,Africa/Algiers
f382db7b-9139-470f-8029-70ca61e4fc3f,Fem,America/Los_Angeles
026258a4-6b7d-49c1-8eb5-3097b9864338,Dex,Europe/Helsinki
e8c52b02-e9ab-46ff-a13e-af99728c944f,Ecrin,America/Los_Angeles
6915ba18-a788-4e45-a5d4-ee49efdcfa28,Joey,America/Los_Angeles
67b11227-26bd-495b-9ea6-681befd36a6a,Matthias,Africa/Algiers
30017b54-6009-421c-859a-21aab993747c,Stefan,Asia/Kolkata
6ffd80a4-0b3f-4f17-8559-86b13a7e7c65,Ties,America/New_York
192d7e19-b1bb-41ab-85bf-8a074dd8aa84,Fabiënne,America/New_York
b7d02c37-72f7-4a25-8629-49b7c7f52b8d,Maja,America/New_York
c1092fdb-4775-4663-81a4-2fdebc5757a9,Dani,Australia/Canberra
b56650ac-3b6f-4589-b838-6df56740983e,Jonas,Australia/Canberra
3c4495f5-27f3-4ae0-be9f-d6f446c75f96,Ruben,America/Chicago
d3504259-9e23-4b4e-b63c-37711aa7f8f4,Juul,Asia/Kolkata
bc253db4-098b-4564-9ea5-63fe14a70694,Marinus,Europe/Amsterdam
e60e70f2-ec4d-4708-9e49-b7285fec08cf,Mason,America/Los_Angeles
0879b4da-094c-47f6-bb3f-aa9014692151,Nienke,America/Sao_Paulo
9b2a4440-a5a9-4c72-b2ec-f319d24492f3,Ali,America/Los_Angeles
bdbc1c96-9a11-42b2-bd05-1fd280e54c0d,Evelien,America/New_York
d35c88cf-1c9b-4dad-b681-0b2eae387be7,Nisa,America/Chicago
abf559d9-b094-477a-83ba-708a402bab0d,Mats,America/Chicago
dddafd00-6340-4141-a4a2-0abbafdc7868,Julie,America/Los_Angeles
99666b41-1992-4511-a32d-9c50c35408a2,Luna,Europe/London
d779f18e-5c6b-4927-8825-7123396f94a5,Boaz,Europe/London
39d10382-6a5b-47ff-8cef-424c9529f04f,Mehmet,Australia/Brisbane
c702f36f-2b24-43fe-825a-fe68f4ff5fd3,Elisa,America/New_York
62d20ff2-1534-481c-aa2b-9a14554244d1,Morris,America/Denver
2bbccf16-093a-412b-8c52-a3c38c97aec2,Lot,America/Los_Angeles
969dbaf6-bcc1-4c3d-bbc2-837ed587a915,Sara,Asia/Kolkata
6a1634aa-73da-4d10-8ea6-ffbda68b7ec6,Johannes,Asia/Kolkata
d8fd4f1f-6de3-41af-a3ef-1aceb30fb947,Evelien,Europe/London
ff727a90-72dc-4096-bcae-440bc358efc3,Emir,America/Los_Angeles
f154328b-1835-40b8-92ca-b589b0003fc4,Esila,Europe/Belgrade
894ebe95-a01d-455e-8994-4d4158addf8b,Elin,America/New_York
c5ceb616-d331-48f8-894f-c2aaa5578783,Micha,America/Los_Angeles
a8bbe498-f06f-4dc8-8f4a-b31febeafa4d,Luca,America/Los_Angeles
59a205aa-e072-4569-82d9-2e4ec3d1e196,Collin,America/Chicago
eb87d500-deff-4a6c-9530-632e8d556ae2,Aylin,America/New_York
e9f8fe84-0d1e-4f5f-8699-1240e83ecb9f,Lukas,America/New_York
5676a79a-daec-4f6f-a879-c5a1b2bb528b,Hugo,America/Los_Angeles
d1e98398-f94e-4bb2-8197-c36e0724de99,Nikki,America/New_York
b1d054f9-a6b0-476a-b9d1-7dac6873ee3b,Vajèn,Europe/London
b94cd1b8-c396-4d9c-b524-c09e15c1d83e,Livia,America/Denver
494be427-019b-4bc6-a003-5cf6fbf192e0,Maryam,Africa/Nairobi
1ef035bb-41c6-430d-953b-71e01517da0c,Ayoub,America/Los_Angeles
72c59863-1390-465a-b2b9-13e747c1cb38,Loek,America/Los_Angeles
1837adf6-d348-4728-95c2-c9f226cdb351,Stella,Asia/Istanbul
390c04a3-c3a7-4bf2-9c6c-f398bbfeda13,Melle,America/New_York
afd9802b-70fe-440f-8c6b-d5bd0adc2eda,Liv,Europe/Moscow
e4c12e11-8471-4247-956e-fad910c8684a,Lisanne,America/Los_Angeles
fec8005b-8375-454f-9978-1b09b8d45a3c,Alex,Europe/Amsterdam
b447c5e2-4169-486c-991c-fe228edde949,Amy,America/Sao_Paulo
cacf1ba5-da26-4331-b81b-b6e345719417,Jordy,America/Los_Angeles
78aa6e06-f7c4-4e39-a494-98b54d24fff5,Ben,Europe/Amsterdam
b15a6562-0a45-4a24-b13a-8c0d504ab2d1,Beau,Europe/London
e17c3801-538c-4c56-b879-3fced10c051a,Elin,America/New_York
1a01d1d3-68ba-462a-9267-b6d073efde87,Justin,Europe/Warsaw
de71c336-abf1-4d01-8e77-2f830520fbe8,Elise,America/New_York
e6e47889-d25c-4a5d-b737-037ea92bb491,Floor,Asia/Chongqing
8cfd9008-3f7a-4f0c-a226-f9f837bae3e3,Lena,Asia/Jerusalem
209667ba-3a0f-4438-8c6b-abac7eb25322,Timo,America/New_York
